region,product,year,qty,revenue
NA,Gadget,2023,141,8460
EU,Cog,2023,4,2568
EU,Gadget,2023,168,40656
LATAM,Cog,2022,137,73432
NA,Widget,2022,64,8832
APAC,Sprocket,2023,53,39909
LATAM,Widget,2023,197,77618
APAC,Gadget,2024,176,125664
LATAM,Cog,2022,75,51675
NA,Gadget,2022,119,103887
EU,Widget,2024,47,39151
NA,Gadget,2022,70,9730
LATAM,Gadget,2022,123,97908
LATAM,Widget,2022,200,161000
EU,Gadget,2024,194,142784
EU,Gadget,2022,181,135569
APAC,Sprocket,2023,11,4697
APAC,Cog,2023,156,43836
LATAM,Cog,2023,87,31233
NA,Sprocket,2024,89,44856
LATAM,Gadget,2022,71,47144
NA,Gadget,2022,49,37975
APAC,Sprocket,2023,197,95348
EU,Cog,2024,126,57456
APAC,Widget,2024,165,3135
NA,Sprocket,2022,113,54240
EU,Gadget,2022,137,130561
APAC,Sprocket,2024,70,44800
LATAM,Gadget,2024,117,68328
NA,Widget,2023,168,15120
NA,Cog,2022,65,19500
EU,Cog,2022,49,5439
APAC,Sprocket,2023,98,38416
NA,Sprocket,2022,174,113448
APAC,Gadget,2024,49,33516
EU,Gadget,2023,152,121448
LATAM,Cog,2022,169,18252
APAC,Widget,2022,38,28386
EU,Sprocket,2024,84,69804
EU,Sprocket,2022,119,38675
EU,Widget,2022,23,20815
EU,Sprocket,2023,62,31062
LATAM,Widget,2022,158,78368
EU,Sprocket,2024,89,59808
NA,Sprocket,2022,199,72635
EU,Gadget,2022,47,17907
LATAM,Cog,2022,152,97280
APAC,Gadget,2024,78,40560
NA,Gadget,2023,134,52528
APAC,Sprocket,2023,155,121210
LATAM,Cog,2024,69,38364
EU,Widget,2023,78,48672
APAC,Gadget,2024,24,19128
NA,Cog,2023,29,22040
EU,Cog,2024,77,29645
LATAM,Cog,2022,138,60444
LATAM,Widget,2022,140,136920
APAC,Cog,2023,167,73480
APAC,Widget,2024,162,141426
EU,Gadget,2024,30,450
APAC,Cog,2022,99,65340
NA,Sprocket,2022,177,174699
APAC,Gadget,2024,181,67513
NA,Widget,2023,143,104104
EU,Gadget,2023,13,10868
LATAM,Cog,2023,184,43608
EU,Gadget,2024,2,506
LATAM,Cog,2024,123,66174
LATAM,Sprocket,2022,123,42312
LATAM,Widget,2024,118,19470
EU,Sprocket,2023,25,10325
LATAM,Sprocket,2024,199,121788
APAC,Widget,2022,151,90147
NA,Widget,2024,72,71712
LATAM,Gadget,2023,70,35350
NA,Gadget,2023,6,4212
LATAM,Widget,2023,56,29288
APAC,Gadget,2024,142,89602
EU,Sprocket,2023,37,35409
APAC,Gadget,2024,157,90746
NA,Cog,2022,151,103435
NA,Widget,2022,40,17080
EU,Sprocket,2024,200,14000
LATAM,Widget,2023,65,18590
APAC,Cog,2024,147,18669
LATAM,Cog,2024,3,2541
LATAM,Sprocket,2022,64,38464
APAC,Widget,2024,166,29050
APAC,Cog,2022,195,84435
LATAM,Sprocket,2023,173,70411
EU,Sprocket,2024,134,111086
EU,Sprocket,2024,158,140462
APAC,Cog,2024,181,14299
EU,Widget,2023,81,59130
EU,Widget,2024,27,22059
LATAM,Gadget,2023,86,70520
APAC,Sprocket,2024,50,48950
APAC,Cog,2024,116,110548
NA,Cog,2022,181,67332
LATAM,Cog,2024,8,4800
APAC,Sprocket,2023,127,113411
LATAM,Cog,2024,98,59878
APAC,Sprocket,2024,88,9504
NA,Sprocket,2022,162,122310
EU,Sprocket,2024,79,4108
APAC,Cog,2022,135,94635
NA,Gadget,2024,200,83000
NA,Gadget,2022,61,37637
LATAM,Sprocket,2022,15,1440
APAC,Cog,2023,6,4506
APAC,Sprocket,2024,142,50126
NA,Cog,2024,162,152928
EU,Widget,2024,63,27720
EU,Widget,2022,127,114808
LATAM,Cog,2024,86,57878
NA,Sprocket,2023,3,114
NA,Widget,2022,8,2784
LATAM,Cog,2024,38,15922
LATAM,Sprocket,2024,5,2965
EU,Cog,2023,178,27056
NA,Widget,2022,40,17760
EU,Sprocket,2024,1,90
APAC,Widget,2023,172,167012
LATAM,Cog,2024,142,89034
APAC,Sprocket,2022,98,54292
EU,Gadget,2023,110,55330
EU,Widget,2022,123,3321
NA,Sprocket,2022,92,89516
LATAM,Gadget,2024,152,149264
APAC,Cog,2023,20,3260
LATAM,Gadget,2023,144,98496
EU,Gadget,2023,53,39167
EU,Cog,2024,11,7062
APAC,Sprocket,2022,1,737
LATAM,Gadget,2022,199,68058
APAC,Widget,2024,93,6882
NA,Cog,2023,107,66982
LATAM,Sprocket,2023,105,21105
EU,Widget,2022,69,32775
NA,Widget,2024,87,17661
NA,Widget,2024,125,27375
APAC,Sprocket,2024,80,35760
EU,Gadget,2023,118,49442
EU,Widget,2024,76,22116
EU,Sprocket,2024,52,18148
APAC,Cog,2022,96,67104
LATAM,Gadget,2023,135,50760
EU,Widget,2024,133,42427
LATAM,Widget,2022,199,2786
NA,Widget,2022,13,11141
EU,Cog,2023,198,53064
EU,Sprocket,2022,80,79920
EU,Cog,2023,63,11088
NA,Widget,2024,186,84444
EU,Sprocket,2022,97,16005
NA,Widget,2022,59,55519
APAC,Cog,2024,114,18696
EU,Gadget,2022,11,220
NA,Widget,2022,146,45844
APAC,Widget,2023,14,5950
EU,Cog,2023,38,22382
LATAM,Widget,2024,110,103510
APAC,Widget,2023,50,2150
NA,Cog,2023,196,116620
LATAM,Widget,2022,33,9438
NA,Sprocket,2023,64,12544
LATAM,Gadget,2024,132,1452
EU,Gadget,2023,21,20979
EU,Cog,2024,11,8602
EU,Gadget,2024,99,34155
EU,Gadget,2024,100,64200
EU,Widget,2022,106,66144
EU,Gadget,2024,165,60885
APAC,Cog,2022,118,109032
APAC,Cog,2024,165,118800
EU,Cog,2023,124,111476
EU,Gadget,2023,78,53820
NA,Cog,2023,194,8730
APAC,Gadget,2024,157,56834
APAC,Widget,2023,190,89300
NA,Widget,2022,142,68018
LATAM,Widget,2023,23,13478
EU,Sprocket,2024,196,190904
NA,Cog,2022,120,61200
LATAM,Cog,2024,131,111874
APAC,Gadget,2024,128,95744
EU,Cog,2024,34,32062
APAC,Cog,2023,177,169743
LATAM,Widget,2022,21,5880
EU,Sprocket,2024,46,22770
NA,Sprocket,2022,125,121375
EU,Cog,2022,148,5772
NA,Widget,2022,6,678
EU,Cog,2024,164,30340
APAC,Widget,2022,62,29512
NA,Cog,2024,66,45870
EU,Cog,2022,80,28080
APAC,Widget,2023,143,91520
LATAM,Cog,2022,116,50924
LATAM,Gadget,2024,113,17854
APAC,Gadget,2023,47,2303
APAC,Cog,2024,100,26400
NA,Sprocket,2024,20,11600
EU,Cog,2022,132,60456
EU,Widget,2022,38,13300
APAC,Gadget,2024,189,175770
LATAM,Sprocket,2023,38,29298
APAC,Widget,2024,172,125388
EU,Gadget,2023,77,25564
NA,Gadget,2024,35,32305
NA,Gadget,2022,170,5780
NA,Widget,2024,196,140140
APAC,Gadget,2024,89,84194
EU,Sprocket,2024,180,4860
APAC,Sprocket,2023,6,3270
APAC,Sprocket,2023,85,49385
NA,Sprocket,2023,187,151470
LATAM,Widget,2022,95,45695
EU,Widget,2024,12,7128
LATAM,Cog,2022,156,30576
LATAM,Widget,2024,138,85698
LATAM,Gadget,2024,193,131433
EU,Widget,2022,39,9945
APAC,Gadget,2024,31,10013
LATAM,Widget,2022,133,59052
EU,Widget,2024,129,65145
NA,Sprocket,2022,148,36704
APAC,Gadget,2024,181,83984
NA,Sprocket,2024,64,13056
LATAM,Cog,2022,104,79664
LATAM,Cog,2023,35,14945
APAC,Sprocket,2023,78,20202
LATAM,Widget,2023,148,2516
APAC,Gadget,2024,159,54537
NA,Gadget,2024,57,36822
LATAM,Widget,2022,169,110188
APAC,Sprocket,2023,180,51840
LATAM,Gadget,2022,78,55458
NA,Widget,2022,47,2162
APAC,Cog,2024,126,45234
LATAM,Sprocket,2023,165,114840
EU,Gadget,2024,195,26130
EU,Cog,2024,189,184653
NA,Widget,2022,66,11814
NA,Sprocket,2023,116,51852
LATAM,Gadget,2023,11,6688
LATAM,Gadget,2023,86,20382
EU,Cog,2022,105,29190
APAC,Cog,2023,55,23760
EU,Gadget,2023,18,7506
LATAM,Gadget,2024,161,11431
LATAM,Widget,2024,44,23584
APAC,Sprocket,2022,114,27246
APAC,Gadget,2024,145,121075
APAC,Widget,2022,26,8736
LATAM,Widget,2024,37,16169
APAC,Sprocket,2023,74,5254
APAC,Sprocket,2024,115,36340
NA,Cog,2024,75,59775
NA,Cog,2024,151,31861
NA,Gadget,2023,129,3741
LATAM,Sprocket,2023,35,9625
LATAM,Sprocket,2023,23,4991
APAC,Cog,2024,164,30832
EU,Gadget,2023,125,46125
EU,Sprocket,2024,189,44982
EU,Widget,2024,146,132276
NA,Widget,2023,12,6708
APAC,Sprocket,2022,151,96338
NA,Widget,2022,88,3080
EU,Widget,2024,51,47889
LATAM,Cog,2023,133,132867
APAC,Gadget,2022,35,28210
NA,Cog,2024,20,3680
NA,Cog,2022,37,999
LATAM,Widget,2022,4,3384
EU,Cog,2024,130,106340
LATAM,Gadget,2024,59,47141
LATAM,Gadget,2024,148,112628
EU,Widget,2024,48,37632
NA,Sprocket,2023,33,6171
NA,Widget,2022,95,56240
NA,Cog,2023,116,4176
LATAM,Cog,2022,82,23370
EU,Cog,2024,123,60639
APAC,Sprocket,2022,111,81030
APAC,Widget,2024,171,63099
APAC,Sprocket,2024,184,32568
EU,Cog,2024,60,2160
APAC,Widget,2024,200,154400
APAC,Gadget,2023,18,14274
APAC,Sprocket,2023,76,10260
LATAM,Cog,2022,45,37530
EU,Cog,2023,34,29376
EU,Sprocket,2023,69,34293
APAC,Sprocket,2023,161,153272
LATAM,Gadget,2023,69,59892
APAC,Widget,2024,172,148092
EU,Widget,2022,120,16920
EU,Sprocket,2024,47,42676
LATAM,Cog,2022,42,8190
APAC,Widget,2023,35,5985
EU,Gadget,2023,66,55968
APAC,Cog,2023,179,95765
LATAM,Widget,2024,158,40606
EU,Sprocket,2024,18,6822
NA,Gadget,2022,137,21920
NA,Cog,2022,107,68159
LATAM,Cog,2022,66,49434
APAC,Gadget,2023,82,6560
EU,Gadget,2023,158,48822
EU,Sprocket,2022,125,56500
LATAM,Gadget,2023,102,62934
LATAM,Sprocket,2024,189,59724
NA,Sprocket,2022,14,11956
APAC,Cog,2024,100,12100
NA,Widget,2024,70,6510
EU,Sprocket,2024,15,9810
EU,Gadget,2022,116,52316
LATAM,Widget,2022,131,126284
APAC,Cog,2024,102,98328
EU,Gadget,2022,24,19584
EU,Cog,2022,151,14194
EU,Widget,2023,147,48069
APAC,Sprocket,2024,11,5313
NA,Cog,2024,17,4879
EU,Widget,2024,15,6405
EU,Gadget,2022,199,144275
APAC,Cog,2024,146,53144
LATAM,Widget,2024,153,63342
APAC,Sprocket,2022,121,96558
APAC,Widget,2024,48,40128
NA,Gadget,2023,72,4536
APAC,Sprocket,2023,51,46767
NA,Widget,2023,60,5700
LATAM,Gadget,2023,94,42958
EU,Widget,2022,186,38688
EU,Gadget,2022,64,50176
EU,Gadget,2022,116,69020
NA,Cog,2022,160,52800
NA,Cog,2023,87,64815
EU,Cog,2023,54,49302
EU,Sprocket,2022,133,65170
NA,Widget,2022,87,64815
NA,Cog,2024,118,42952
LATAM,Cog,2024,29,4379
APAC,Widget,2022,96,59424
APAC,Gadget,2022,121,13794
NA,Sprocket,2023,187,11033
NA,Sprocket,2022,99,40689
APAC,Gadget,2024,56,35504
NA,Sprocket,2022,174,155034
LATAM,Widget,2024,190,17480
LATAM,Gadget,2023,196,28616
EU,Widget,2022,53,39379
EU,Widget,2024,45,34695
LATAM,Sprocket,2022,53,33443
LATAM,Widget,2022,118,32096
LATAM,Sprocket,2023,156,93912
EU,Sprocket,2023,150,118950
EU,Sprocket,2024,3,2259
NA,Sprocket,2024,45,15075
LATAM,Widget,2023,189,14931
APAC,Widget,2024,184,157320
APAC,Widget,2022,185,125430
APAC,Widget,2022,185,111185
APAC,Widget,2022,151,141487
LATAM,Cog,2023,145,131515
EU,Gadget,2023,144,58896
EU,Sprocket,2024,200,47600
EU,Sprocket,2023,6,4500
EU,Widget,2023,41,24477
APAC,Widget,2022,182,27118
NA,Sprocket,2022,163,134475
LATAM,Widget,2024,145,57130
APAC,Sprocket,2024,24,7056
APAC,Gadget,2023,16,2016
NA,Widget,2023,10,9220
NA,Cog,2022,105,10395
APAC,Gadget,2024,154,111496
APAC,Widget,2022,34,25194
LATAM,Sprocket,2024,117,37440
EU,Widget,2023,137,126451
LATAM,Sprocket,2024,54,36018
APAC,Sprocket,2022,90,16200
APAC,Widget,2023,90,19080
NA,Widget,2023,107,3424
LATAM,Gadget,2023,143,50336
NA,Sprocket,2024,26,20358
NA,Gadget,2022,82,47724
EU,Sprocket,2023,40,3480
APAC,Cog,2024,25,14975
APAC,Cog,2022,164,8200
EU,Gadget,2024,24,8184
EU,Sprocket,2023,70,58450
LATAM,Widget,2022,10,8750
APAC,Cog,2023,57,46854
EU,Gadget,2022,199,8557
LATAM,Widget,2022,15,9465
EU,Cog,2022,41,28044
EU,Widget,2023,40,7800
APAC,Widget,2023,30,9630
APAC,Gadget,2023,39,9594
NA,Widget,2022,116,2436
LATAM,Widget,2024,172,19092
EU,Gadget,2023,16,5328
APAC,Gadget,2024,119,65093
EU,Cog,2024,168,141120
NA,Sprocket,2022,9,6102
APAC,Widget,2024,192,143424
EU,Cog,2024,89,67462
APAC,Sprocket,2024,5,4080
EU,Sprocket,2022,100,83600
APAC,Widget,2023,142,30814
EU,Cog,2022,60,17160
NA,Cog,2023,149,95956
NA,Widget,2023,147,88053
APAC,Gadget,2023,44,10912
EU,Gadget,2023,97,39091
LATAM,Widget,2023,103,84151
NA,Widget,2023,13,3588
EU,Sprocket,2023,72,71712
NA,Gadget,2024,67,25326
LATAM,Sprocket,2023,176,126016
NA,Cog,2024,30,9210
LATAM,Sprocket,2024,134,55744
LATAM,Cog,2022,13,8723
NA,Sprocket,2023,76,15428
APAC,Widget,2024,90,53370
APAC,Widget,2024,175,100450
NA,Cog,2022,79,27808
EU,Sprocket,2023,133,27930
NA,Cog,2023,58,26622
LATAM,Sprocket,2023,128,51456
EU,Gadget,2024,52,46020
LATAM,Sprocket,2023,43,2064
APAC,Widget,2022,103,64478
NA,Sprocket,2023,33,31482
EU,Sprocket,2022,32,29920
LATAM,Sprocket,2022,93,28272
APAC,Cog,2023,187,166991
NA,Cog,2024,100,97800
EU,Cog,2023,197,157403
LATAM,Gadget,2023,64,40576
LATAM,Sprocket,2023,1,357
APAC,Widget,2024,160,71840
NA,Cog,2024,77,47355
LATAM,Gadget,2022,79,64701
APAC,Gadget,2024,84,25368
NA,Widget,2024,164,40836
EU,Sprocket,2023,12,6492
LATAM,Gadget,2022,79,65807
APAC,Widget,2022,124,31248
NA,Widget,2022,68,21760
NA,Widget,2024,92,40940
EU,Sprocket,2022,96,83136
NA,Sprocket,2024,82,55924
APAC,Gadget,2023,83,66732
APAC,Gadget,2024,168,143976
NA,Widget,2023,119,60928
LATAM,Gadget,2024,15,6180
NA,Sprocket,2024,105,7770
NA,Sprocket,2022,121,28556
APAC,Gadget,2023,11,5962
LATAM,Gadget,2022,159,109710
LATAM,Sprocket,2023,31,18724
APAC,Widget,2022,85,60095
APAC,Gadget,2024,172,5848
EU,Widget,2022,49,25676
EU,Cog,2023,50,13150
APAC,Widget,2024,116,1276
APAC,Cog,2023,110,77440
NA,Widget,2024,121,86031
NA,Sprocket,2023,127,32893
NA,Gadget,2022,82,8856
NA,Sprocket,2023,117,94185
LATAM,Cog,2022,83,52207
APAC,Cog,2023,75,66450
NA,Widget,2022,197,155039
APAC,Widget,2022,106,88192
LATAM,Sprocket,2024,3,2394
NA,Sprocket,2022,119,115073
EU,Gadget,2023,43,13803
EU,Cog,2024,115,108215
NA,Gadget,2023,101,70498
LATAM,Gadget,2023,64,21952
EU,Gadget,2023,23,16123
LATAM,Sprocket,2024,18,16398
EU,Widget,2022,78,32136
LATAM,Gadget,2022,45,1575
APAC,Gadget,2022,191,75063
EU,Widget,2024,69,61548
LATAM,Cog,2024,90,3150
APAC,Sprocket,2023,102,91086
EU,Sprocket,2023,76,28272
APAC,Gadget,2023,107,42693
NA,Gadget,2023,84,79632
APAC,Gadget,2024,42,34524
NA,Widget,2024,181,167968
LATAM,Widget,2022,142,30814
EU,Cog,2023,116,52200
APAC,Sprocket,2023,120,96240
NA,Cog,2022,53,33920
APAC,Cog,2022,74,17686
EU,Gadget,2024,57,8550
EU,Gadget,2024,128,59776
NA,Sprocket,2024,101,25957
NA,Gadget,2024,137,50005
EU,Widget,2023,17,5695
EU,Cog,2022,104,95160
LATAM,Sprocket,2023,177,109740
NA,Widget,2022,131,125760
NA,Cog,2022,183,37149
EU,Sprocket,2022,146,137386
EU,Cog,2023,184,149040
APAC,Gadget,2022,145,84390
APAC,Widget,2023,108,47196
LATAM,Sprocket,2024,68,60588
APAC,Widget,2024,20,480
APAC,Sprocket,2023,117,99567
EU,Widget,2022,55,43505
LATAM,Widget,2024,60,51480
LATAM,Sprocket,2023,39,37050
EU,Widget,2023,45,36855
LATAM,Sprocket,2024,102,54366
EU,Cog,2024,191,180113
APAC,Cog,2024,29,23316
LATAM,Cog,2024,90,11430
NA,Widget,2022,152,133152
NA,Sprocket,2022,29,20793
EU,Gadget,2024,186,182466
NA,Gadget,2023,82,59696
EU,Gadget,2024,33,28809
APAC,Gadget,2022,110,19250
NA,Gadget,2024,181,34571
NA,Widget,2022,180,38880
NA,Gadget,2024,122,35990
NA,Gadget,2024,28,21616
EU,Sprocket,2024,112,61264
NA,Gadget,2022,91,65247
APAC,Gadget,2023,4,1840
NA,Cog,2024,182,79534
EU,Sprocket,2023,132,115764
APAC,Sprocket,2023,96,12576
EU,Cog,2024,81,14580
EU,Sprocket,2023,46,21114
NA,Gadget,2023,33,10065
APAC,Gadget,2024,194,15714
EU,Sprocket,2022,143,14872
EU,Sprocket,2022,108,88128
LATAM,Cog,2022,96,68448
NA,Cog,2022,107,88275
EU,Sprocket,2022,127,27813
APAC,Cog,2023,35,12180
NA,Widget,2023,173,162620
LATAM,Sprocket,2024,158,24648
EU,Sprocket,2024,166,55444
NA,Sprocket,2022,114,71250
LATAM,Widget,2024,21,11340
LATAM,Gadget,2022,75,52875
LATAM,Gadget,2024,59,40533
NA,Sprocket,2022,27,19089
LATAM,Gadget,2022,149,74798
NA,Sprocket,2022,13,7787
NA,Widget,2022,160,18560
LATAM,Gadget,2022,102,97410
EU,Gadget,2022,90,40140
EU,Widget,2024,161,16583
EU,Gadget,2022,118,38704
LATAM,Sprocket,2022,14,8512
LATAM,Cog,2024,78,75816
LATAM,Cog,2024,132,89760
EU,Widget,2024,174,58290
EU,Widget,2022,158,134142
EU,Gadget,2022,127,37465
APAC,Gadget,2023,183,160857
LATAM,Cog,2024,134,131588
NA,Sprocket,2022,186,105276
EU,Cog,2024,192,52800
APAC,Gadget,2023,178,114276
LATAM,Widget,2023,28,4536
LATAM,Cog,2023,22,21186
LATAM,Cog,2022,118,66670
APAC,Sprocket,2023,43,5332
EU,Widget,2023,87,12615
EU,Sprocket,2024,139,110227
LATAM,Sprocket,2023,157,71749
NA,Widget,2024,109,15696
NA,Cog,2024,125,20875
EU,Widget,2023,128,109184
EU,Cog,2023,43,22360
LATAM,Widget,2023,14,10850
EU,Sprocket,2022,80,14320
APAC,Widget,2022,36,35316
LATAM,Widget,2023,122,38796
EU,Widget,2023,46,33718
LATAM,Cog,2022,85,24650
LATAM,Widget,2022,197,153266
APAC,Gadget,2024,24,15888
EU,Gadget,2024,95,47120
LATAM,Gadget,2024,128,63744
NA,Sprocket,2024,140,92260
APAC,Widget,2023,66,16104
NA,Widget,2024,9,4050
APAC,Sprocket,2023,184,111688
APAC,Cog,2024,198,20394
APAC,Widget,2024,182,97370
EU,Widget,2022,16,6912
NA,Gadget,2023,155,71920
EU,Gadget,2024,100,9700
EU,Sprocket,2022,62,25420
LATAM,Widget,2024,105,41265
APAC,Gadget,2022,16,14512
NA,Gadget,2022,69,14835
NA,Cog,2022,6,4764
EU,Sprocket,2024,121,18876
EU,Sprocket,2022,5,575
APAC,Sprocket,2022,10,7820
NA,Cog,2023,58,17052
LATAM,Widget,2024,189,81270
APAC,Sprocket,2022,151,14949
APAC,Widget,2023,7,546
EU,Widget,2024,41,26568
NA,Widget,2023,101,61206
NA,Widget,2022,68,48416
APAC,Sprocket,2023,22,11066
LATAM,Sprocket,2023,161,75187
NA,Widget,2023,184,172040
APAC,Widget,2022,23,8464
LATAM,Cog,2023,108,28728
EU,Gadget,2024,79,43292
APAC,Sprocket,2024,196,29400
EU,Gadget,2022,111,15873
NA,Gadget,2023,125,110750
NA,Gadget,2022,42,31080
APAC,Widget,2024,57,34770
APAC,Widget,2024,20,5320
APAC,Cog,2024,182,112476
NA,Sprocket,2024,67,16013
APAC,Cog,2024,59,36049
LATAM,Gadget,2024,136,3264
LATAM,Gadget,2023,85,53040
NA,Gadget,2023,52,31252
LATAM,Widget,2023,70,22470
EU,Widget,2023,185,89170
LATAM,Widget,2022,121,53119
NA,Sprocket,2023,133,12768
NA,Sprocket,2024,78,37986
NA,Sprocket,2023,32,23744
EU,Gadget,2022,150,23550
EU,Sprocket,2022,46,43654
APAC,Widget,2023,81,4617
NA,Cog,2023,143,74503
APAC,Sprocket,2022,40,9360
EU,Widget,2023,114,89376
APAC,Gadget,2024,169,18421
LATAM,Cog,2023,53,13674
NA,Cog,2023,116,113216
LATAM,Gadget,2024,123,24231
EU,Widget,2023,117,105651
APAC,Widget,2022,19,2660
APAC,Sprocket,2022,166,9462
APAC,Gadget,2024,4,1032
LATAM,Gadget,2024,22,20460
EU,Cog,2024,106,69536
APAC,Gadget,2022,155,80600
EU,Widget,2024,80,46720
LATAM,Widget,2024,4,596
EU,Widget,2022,193,117344
NA,Cog,2024,107,40339
LATAM,Gadget,2022,110,107250
NA,Gadget,2022,15,13560
EU,Widget,2023,47,30268
APAC,Gadget,2024,6,3084
LATAM,Gadget,2023,172,161680
APAC,Cog,2022,61,19398
APAC,Sprocket,2023,45,36900
NA,Cog,2023,65,35620
EU,Cog,2023,126,73332
EU,Gadget,2024,191,157384
EU,Gadget,2022,193,142048
LATAM,Sprocket,2022,127,2032
NA,Widget,2023,196,126616
APAC,Gadget,2022,57,24795
EU,Sprocket,2024,127,21209
EU,Cog,2022,29,23055
NA,Sprocket,2024,114,84018
EU,Widget,2023,94,77080
APAC,Sprocket,2023,45,14805
APAC,Gadget,2023,15,13530
LATAM,Cog,2022,72,67608
NA,Gadget,2022,30,6750
EU,Cog,2023,145,31465
EU,Widget,2022,116,93264
LATAM,Gadget,2022,2,794
NA,Sprocket,2024,70,61600
APAC,Sprocket,2023,28,15092
NA,Widget,2024,81,3726
NA,Gadget,2022,154,88550
EU,Widget,2024,169,71487
NA,Cog,2022,147,41601
NA,Sprocket,2023,85,71315
EU,Sprocket,2024,187,56848
LATAM,Cog,2022,31,13671
NA,Sprocket,2024,36,32616
LATAM,Sprocket,2022,92,80684
EU,Sprocket,2024,35,25515
EU,Widget,2023,158,26228
LATAM,Sprocket,2022,130,93080
NA,Cog,2024,6,2766
LATAM,Widget,2024,62,52948
NA,Sprocket,2024,78,1872
NA,Cog,2023,194,167810
EU,Sprocket,2023,175,127400
APAC,Sprocket,2023,82,23370
EU,Sprocket,2023,181,70590
APAC,Widget,2022,61,4819
APAC,Gadget,2024,97,73235
LATAM,Widget,2023,46,12650
NA,Cog,2022,191,181259
NA,Gadget,2022,32,1408
NA,Widget,2023,182,96278
LATAM,Widget,2024,72,26136
NA,Widget,2022,196,70756
LATAM,Cog,2024,100,5100
LATAM,Cog,2023,120,24720
LATAM,Sprocket,2024,129,4902
LATAM,Widget,2024,179,28998
LATAM,Cog,2022,73,25696
LATAM,Gadget,2024,19,4047
LATAM,Gadget,2022,142,32660
LATAM,Gadget,2024,60,12240
APAC,Sprocket,2024,50,12350
EU,Widget,2024,144,2592
EU,Widget,2022,131,90390
APAC,Cog,2023,92,88872
NA,Gadget,2023,30,28650
EU,Gadget,2022,139,84512
APAC,Widget,2022,57,26391
APAC,Gadget,2024,128,67584
NA,Cog,2023,6,4632
APAC,Cog,2022,61,6771
EU,Widget,2022,75,71400
LATAM,Widget,2023,97,4947
EU,Gadget,2022,18,17712
NA,Cog,2022,192,181056
NA,Sprocket,2023,186,87978
EU,Widget,2022,108,13824
EU,Gadget,2023,27,17064
APAC,Widget,2024,77,46893
APAC,Cog,2023,67,6968
APAC,Cog,2023,17,5610
LATAM,Cog,2024,177,14160
APAC,Cog,2022,44,38060
EU,Cog,2024,189,57078
EU,Cog,2023,179,122615
NA,Sprocket,2022,13,11726
LATAM,Gadget,2024,155,143685
LATAM,Sprocket,2024,93,63519
LATAM,Cog,2022,127,8763
EU,Widget,2022,111,81030
APAC,Cog,2022,151,7701
NA,Widget,2023,25,18750
NA,Widget,2022,177,112041
APAC,Widget,2022,1,790
NA,Sprocket,2024,27,10665
APAC,Cog,2024,127,75184
NA,Gadget,2023,25,22450
EU,Sprocket,2024,132,68376
NA,Sprocket,2022,108,37908
APAC,Widget,2024,57,47709
LATAM,Cog,2024,32,31008
NA,Cog,2022,64,27648
LATAM,Cog,2024,167,73146
APAC,Sprocket,2023,151,56323
APAC,Gadget,2022,148,6068
NA,Widget,2024,127,4572
APAC,Gadget,2024,145,82215
NA,Widget,2022,89,47259
LATAM,Widget,2022,81,19197
LATAM,Sprocket,2022,38,20710
EU,Gadget,2024,121,44891
LATAM,Widget,2023,90,79920
APAC,Gadget,2024,167,70474
LATAM,Sprocket,2024,26,18174
LATAM,Cog,2022,195,137280
EU,Gadget,2022,97,78473
LATAM,Sprocket,2024,35,16065
LATAM,Sprocket,2022,41,36531
LATAM,Sprocket,2023,13,9048
APAC,Cog,2023,58,18676
NA,Cog,2023,34,1768
EU,Sprocket,2023,94,38164
LATAM,Sprocket,2023,125,104250
NA,Widget,2023,88,6424
NA,Cog,2024,9,2385
LATAM,Gadget,2023,25,13650
EU,Widget,2022,194,2716
APAC,Gadget,2022,112,44912
LATAM,Cog,2024,96,26976
EU,Widget,2024,26,23010
EU,Sprocket,2022,126,65016
NA,Gadget,2023,59,45312
APAC,Sprocket,2023,19,18012
APAC,Cog,2024,126,119574
EU,Widget,2023,73,30368
LATAM,Gadget,2024,127,6985
NA,Cog,2022,69,17595
NA,Gadget,2024,60,59940
NA,Gadget,2024,62,46996
LATAM,Gadget,2024,77,36883
EU,Cog,2023,137,96722
EU,Widget,2022,32,27008
APAC,Cog,2022,97,54999
NA,Sprocket,2024,179,48867
APAC,Widget,2023,79,27413
LATAM,Gadget,2022,99,74745
APAC,Sprocket,2024,195,115050
APAC,Sprocket,2022,68,10812
APAC,Sprocket,2023,108,88560
EU,Gadget,2023,167,156646
EU,Sprocket,2022,102,23358
APAC,Widget,2022,37,13431
APAC,Gadget,2023,159,110028
NA,Sprocket,2022,50,8650
EU,Widget,2023,54,7452
EU,Gadget,2022,118,93574
LATAM,Sprocket,2023,38,912
LATAM,Widget,2022,76,34656
NA,Sprocket,2022,18,7146
NA,Cog,2023,176,81488
APAC,Widget,2022,13,10153
NA,Cog,2022,172,163228
NA,Cog,2022,83,24319
LATAM,Cog,2023,87,31494
NA,Cog,2024,131,105193
APAC,Sprocket,2022,38,16568
EU,Widget,2024,145,3915
LATAM,Widget,2022,95,37335
LATAM,Widget,2022,42,4536
LATAM,Sprocket,2024,35,34755
LATAM,Sprocket,2023,41,39196
NA,Cog,2023,140,5600
NA,Widget,2024,101,92617
LATAM,Widget,2022,80,71840
APAC,Gadget,2023,186,47244
NA,Gadget,2023,150,121050
NA,Cog,2023,32,27296
EU,Sprocket,2023,96,63552
LATAM,Sprocket,2024,169,140946
LATAM,Sprocket,2024,180,141660
LATAM,Cog,2022,36,29340
LATAM,Gadget,2022,4,3216
EU,Gadget,2022,47,12079
NA,Gadget,2022,100,68400
EU,Widget,2023,103,74984
NA,Widget,2024,87,78126
APAC,Gadget,2024,117,88335
EU,Gadget,2024,5,1300
EU,Cog,2024,135,30780
APAC,Sprocket,2024,37,29415
EU,Gadget,2024,190,115710
EU,Cog,2023,166,14276
LATAM,Widget,2022,124,91884
APAC,Gadget,2023,9,1566
NA,Widget,2023,40,24800
APAC,Cog,2024,172,158068
NA,Gadget,2022,99,75735
APAC,Sprocket,2023,79,62805
EU,Cog,2024,165,42075
NA,Sprocket,2023,1,252
LATAM,Gadget,2024,186,26412
LATAM,Gadget,2023,148,26640
NA,Widget,2023,43,37238
APAC,Cog,2023,169,105963
NA,Gadget,2023,189,121338
EU,Gadget,2022,175,70350
EU,Widget,2022,87,84999
LATAM,Gadget,2024,175,7875
EU,Sprocket,2022,143,50193
EU,Widget,2023,96,40416
LATAM,Cog,2024,7,3668
NA,Cog,2023,113,42940
NA,Cog,2022,144,53568
EU,Cog,2024,194,15326
EU,Cog,2023,86,45924
EU,Widget,2024,167,103707
EU,Widget,2022,7,217
APAC,Cog,2023,189,105273
NA,Widget,2022,159,124815
NA,Sprocket,2022,144,69264
EU,Cog,2023,161,95795
EU,Sprocket,2022,118,21358
LATAM,Widget,2022,117,26091
LATAM,Gadget,2022,76,38912
NA,Cog,2022,19,2394
EU,Cog,2023,154,88858
NA,Gadget,2022,18,4014
NA,Widget,2024,144,139536
LATAM,Sprocket,2023,145,138620
LATAM,Cog,2023,153,120870
NA,Gadget,2023,131,15982
NA,Gadget,2023,42,38850
EU,Sprocket,2022,165,7755
EU,Sprocket,2022,173,135459
EU,Cog,2024,96,43680
EU,Sprocket,2022,161,61824
LATAM,Widget,2024,10,370
APAC,Gadget,2022,44,16104
NA,Gadget,2023,13,10842
APAC,Cog,2024,177,78411
EU,Widget,2024,172,147232
APAC,Sprocket,2024,153,91800
LATAM,Widget,2023,166,82502
NA,Widget,2023,151,118535
EU,Widget,2022,50,15150
APAC,Sprocket,2024,4,652
EU,Sprocket,2023,75,62475
APAC,Cog,2023,13,12324
EU,Cog,2024,154,90552
LATAM,Widget,2022,18,3114
EU,Sprocket,2022,89,51264
LATAM,Sprocket,2024,31,6107
APAC,Sprocket,2023,170,40460
NA,Widget,2024,57,30210
LATAM,Cog,2022,119,37485
APAC,Widget,2023,59,56581
APAC,Sprocket,2023,126,66276
EU,Widget,2024,1,787
EU,Sprocket,2023,7,3948
NA,Cog,2023,38,8740
EU,Widget,2024,182,72800
EU,Sprocket,2022,193,191456
EU,Gadget,2023,56,36120
NA,Sprocket,2023,70,13370
LATAM,Sprocket,2024,179,115097
LATAM,Cog,2024,161,24311
NA,Gadget,2023,92,86572
EU,Gadget,2022,12,1632
NA,Widget,2024,161,102557
NA,Sprocket,2024,139,19877
APAC,Cog,2024,94,38728
APAC,Cog,2022,34,15368
EU,Gadget,2022,119,8092
APAC,Gadget,2022,103,37389
EU,Cog,2022,68,25024
EU,Cog,2022,181,16471
EU,Gadget,2023,62,19840
LATAM,Widget,2024,132,40392
EU,Cog,2024,86,80926
APAC,Sprocket,2024,67,60836
NA,Sprocket,2024,166,94122
NA,Gadget,2022,117,98982
EU,Sprocket,2022,84,61824
LATAM,Sprocket,2024,66,54648
APAC,Sprocket,2024,4,2540
APAC,Widget,2024,120,14400
APAC,Sprocket,2023,33,16137
EU,Cog,2023,16,9504
LATAM,Widget,2022,117,23985
EU,Sprocket,2022,125,124500
LATAM,Gadget,2022,161,143934
NA,Cog,2024,94,57058
APAC,Widget,2023,13,12792
NA,Widget,2024,160,130240
EU,Cog,2022,167,146292
APAC,Sprocket,2022,188,45496
EU,Sprocket,2023,172,156864
NA,Cog,2023,44,29040
APAC,Widget,2022,190,159220
NA,Cog,2022,125,51375
NA,Widget,2023,31,12462
APAC,Cog,2024,39,15756
NA,Cog,2023,175,141575
LATAM,Sprocket,2023,175,79625
EU,Cog,2022,24,6720
EU,Widget,2022,157,68138
LATAM,Gadget,2023,99,50589
NA,Cog,2022,92,50416
LATAM,Widget,2022,179,5012
EU,Widget,2022,104,60008
APAC,Widget,2024,3,1980
EU,Widget,2023,8,1544
APAC,Widget,2022,5,1275
APAC,Gadget,2024,104,81536
APAC,Cog,2022,185,29045
NA,Cog,2023,152,80256
APAC,Widget,2024,97,66445
NA,Gadget,2023,103,54178
NA,Widget,2022,13,11206
EU,Widget,2022,5,2615
EU,Sprocket,2024,101,4343
EU,Widget,2024,76,74252
EU,Cog,2024,2,468
APAC,Widget,2023,152,36632
EU,Sprocket,2022,133,69825
NA,Cog,2023,43,21027
LATAM,Widget,2024,109,95048
LATAM,Gadget,2022,154,114884
LATAM,Cog,2023,27,25920
